SEQ_SAMPLE,Sample_name,R1,R2,N_forward,N_reverse,DNA_seq,Prot_seq,Pos_start,Pos_stop,Species,x,Fragment,Mating_type,Replicate,Timepoint,Condition,Mutated_seq
Sample003,WT_N_F1_alpha_1_T2_SC_5FC,Sample003_R1.fastq.gz,Sample003_R2.fastq.gz,TAAAAATTTCATAGCTAATG,TACATAATAATGGCACCAGT,Frag1_DNA,Frag1_prot,2,94,WT,N,F1,alpha,r1,T2,SC_5FC,WT_F1
Sample004,WT_N_F1_alpha_2_T2_SC_5FC,Sample004_R1.fastq.gz,Sample004_R2.fastq.gz,TAAAAATTTCATAGCTAATG,TACATAATAATGGCACCAGT,Frag1_DNA,Frag1_prot,2,94,WT,N,F1,alpha,r2,T2,SC_5FC,WT_F1
Sample007,E64V_N_F1_alpha_1_T2_SC_5FC,Sample007_R1.fastq.gz,Sample007_R2.fastq.gz,TAAAAATTTCATAGCTAATG,TACATAATAATGGCACCAGT,Frag1_DNA,Frag1_prot,2,94,E64V,N,F1,alpha,r1,T2,SC_5FC,E64V_F1
Sample008,E64V_N_F1_alpha_2_T2_SC_5FC,Sample008_R1.fastq.gz,Sample008_R2.fastq.gz,TAAAAATTTCATAGCTAATG,TACATAATAATGGCACCAGT,Frag1_DNA,Frag1_prot,2,94,E64V,N,F1,alpha,r2,T2,SC_5FC,E64V_F1
Sample011,WT_H_F1_a_1_T2_SC_5FC,Sample011_R1.fastq.gz,Sample011_R2.fastq.gz,TAAAAATTTCATAGCTAATG,TACATAATAATGGCACCAGT,Frag1_DNA,Frag1_prot,2,94,WT,H,F1,a,r1,T2,SC_5FC,WT_F1
Sample012,WT_H_F1_a_2_T2_SC_5FC,Sample012_R1.fastq.gz,Sample012_R2.fastq.gz,TAAAAATTTCATAGCTAATG,TACATAATAATGGCACCAGT,Frag1_DNA,Frag1_prot,2,94,WT,H,F1,a,r2,T2,SC_5FC,WT_F1
Sample015,E64V_H_F1_a_1_T2_SC_5FC,Sample015_R1.fastq.gz,Sample015_R2.fastq.gz,TAAAAATTTCATAGCTAATG,TACATAATAATGGCACCAGT,Frag1_DNA,Frag1_prot,2,94,E64V,H,F1,a,r1,T2,SC_5FC,E64V_F1
Sample016,E64V_H_F1_a_2_T2_SC_5FC,Sample016_R1.fastq.gz,Sample016_R2.fastq.gz,TAAAAATTTCATAGCTAATG,TACATAATAATGGCACCAGT,Frag1_DNA,Frag1_prot,2,94,E64V,H,F1,a,r2,T2,SC_5FC,E64V_F1
Sample017,WT_N_F1_alpha_1_T1_SC,Sample017_R1.fastq.gz,Sample017_R2.fastq.gz,TAAAAATTTCATAGCTAATG,TACATAATAATGGCACCAGT,Frag1_DNA,Frag1_prot,2,94,WT,N,F1,alpha,r1,T1,SC,WT_F1
Sample018,WT_N_F1_alpha_2_T1_SC,Sample018_R1.fastq.gz,Sample018_R2.fastq.gz,TAAAAATTTCATAGCTAATG,TACATAATAATGGCACCAGT,Frag1_DNA,Frag1_prot,2,94,WT,N,F1,alpha,r2,T1,SC,WT_F1
Sample019,WT_N_F1_alpha_1_T2_SC_5FC_12.5estra,Sample019_R1.fastq.gz,Sample019_R2.fastq.gz,TAAAAATTTCATAGCTAATG,TACATAATAATGGCACCAGT,Frag1_DNA,Frag1_prot,2,94,WT,N,F1,alpha,r1,T2,SC_5FC_12.5estra,WT_F1
Sample020,WT_N_F1_alpha_2_T2_SC_5FC_12.5estra,Sample020_R1.fastq.gz,Sample020_R2.fastq.gz,TAAAAATTTCATAGCTAATG,TACATAATAATGGCACCAGT,Frag1_DNA,Frag1_prot,2,94,WT,N,F1,alpha,r2,T2,SC_5FC_12.5estra,WT_F1
Sample021,E64V_N_F1_alpha_1_T1_SC,Sample021_R1.fastq.gz,Sample021_R2.fastq.gz,TAAAAATTTCATAGCTAATG,TACATAATAATGGCACCAGT,Frag1_DNA,Frag1_prot,2,94,E64V,N,F1,alpha,r1,T1,SC,E64V_F1
Sample022,E64V_N_F1_alpha_2_T1_SC,Sample022_R1.fastq.gz,Sample022_R2.fastq.gz,TAAAAATTTCATAGCTAATG,TACATAATAATGGCACCAGT,Frag1_DNA,Frag1_prot,2,94,E64V,N,F1,alpha,r2,T1,SC,E64V_F1
Sample023,E64V_N_F1_alpha_1_T2_SC_5FC_12.5estra,Sample023_R1.fastq.gz,Sample023_R2.fastq.gz,TAAAAATTTCATAGCTAATG,TACATAATAATGGCACCAGT,Frag1_DNA,Frag1_prot,2,94,E64V,N,F1,alpha,r1,T2,SC_5FC_12.5estra,E64V_F1
Sample024,E64V_N_F1_alpha_2_T2_SC_5FC_12.5estra,Sample024_R1.fastq.gz,Sample024_R2.fastq.gz,TAAAAATTTCATAGCTAATG,TACATAATAATGGCACCAGT,Frag1_DNA,Frag1_prot,2,94,E64V,N,F1,alpha,r2,T2,SC_5FC_12.5estra,E64V_F1
Sample025,WT_H_F1_a_1_T1_SC,Sample025_R1.fastq.gz,Sample025_R2.fastq.gz,TAAAAATTTCATAGCTAATG,TACATAATAATGGCACCAGT,Frag1_DNA,Frag1_prot,2,94,WT,H,F1,a,r1,T1,SC,WT_F1
Sample026,WT_H_F1_a_2_T1_SC,Sample026_R1.fastq.gz,Sample026_R2.fastq.gz,TAAAAATTTCATAGCTAATG,TACATAATAATGGCACCAGT,Frag1_DNA,Frag1_prot,2,94,WT,H,F1,a,r2,T1,SC,WT_F1
Sample027,WT_H_F1_a_1_T2_SC_5FC_12.5estra,Sample027_R1.fastq.gz,Sample027_R2.fastq.gz,TAAAAATTTCATAGCTAATG,TACATAATAATGGCACCAGT,Frag1_DNA,Frag1_prot,2,94,WT,H,F1,a,r1,T2,SC_5FC_12.5estra,WT_F1
Sample028,WT_H_F1_a_2_T2_SC_5FC_12.5estra,Sample028_R1.fastq.gz,Sample028_R2.fastq.gz,TAAAAATTTCATAGCTAATG,TACATAATAATGGCACCAGT,Frag1_DNA,Frag1_prot,2,94,WT,H,F1,a,r2,T2,SC_5FC_12.5estra,WT_F1
Sample029,E64V_H_F1_a_1_T1_SC,Sample029_R1.fastq.gz,Sample029_R2.fastq.gz,TAAAAATTTCATAGCTAATG,TACATAATAATGGCACCAGT,Frag1_DNA,Frag1_prot,2,94,E64V,H,F1,a,r1,T1,SC,E64V_F1
Sample030,E64V_H_F1_a_2_T1_SC,Sample030_R1.fastq.gz,Sample030_R2.fastq.gz,TAAAAATTTCATAGCTAATG,TACATAATAATGGCACCAGT,Frag1_DNA,Frag1_prot,2,94,E64V,H,F1,a,r2,T1,SC,E64V_F1
Sample031,E64V_H_F1_a_1_T2_SC_5FC_12.5estra,Sample031_R1.fastq.gz,Sample031_R2.fastq.gz,TAAAAATTTCATAGCTAATG,TACATAATAATGGCACCAGT,Frag1_DNA,Frag1_prot,2,94,E64V,H,F1,a,r1,T2,SC_5FC_12.5estra,E64V_F1
Sample032,E64V_H_F1_a_2_T2_SC_5FC_12.5estra,Sample032_R1.fastq.gz,Sample032_R2.fastq.gz,TAAAAATTTCATAGCTAATG,TACATAATAATGGCACCAGT,Frag1_DNA,Frag1_prot,2,94,E64V,H,F1,a,r2,T2,SC_5FC_12.5estra,E64V_F1
Sample033,WT_N_F1_alpha_1_T1_SC_5FC,Sample033_R1.fastq.gz,Sample033_R2.fastq.gz,TAAAAATTTCATAGCTAATG,TACATAATAATGGCACCAGT,Frag1_DNA,Frag1_prot,2,94,WT,N,F1,alpha,r1,T1,SC_5FC,WT_F1
Sample034,WT_N_F1_alpha_2_T1_SC_5FC,Sample034_R1.fastq.gz,Sample034_R2.fastq.gz,TAAAAATTTCATAGCTAATG,TACATAATAATGGCACCAGT,Frag1_DNA,Frag1_prot,2,94,WT,N,F1,alpha,r2,T1,SC_5FC,WT_F1
Sample035,WT_N_F1_alpha_1_T2_SC_5FC_50estra,Sample035_R1.fastq.gz,Sample035_R2.fastq.gz,TAAAAATTTCATAGCTAATG,TACATAATAATGGCACCAGT,Frag1_DNA,Frag1_prot,2,94,WT,N,F1,alpha,r1,T2,SC_5FC_50estra,WT_F1
Sample036,WT_N_F1_alpha_2_T2_SC_5FC_50estra,Sample036_R1.fastq.gz,Sample036_R2.fastq.gz,TAAAAATTTCATAGCTAATG,TACATAATAATGGCACCAGT,Frag1_DNA,Frag1_prot,2,94,WT,N,F1,alpha,r2,T2,SC_5FC_50estra,WT_F1
Sample037,E64V_N_F1_alpha_1_T1_SC_5FC,Sample037_R1.fastq.gz,Sample037_R2.fastq.gz,TAAAAATTTCATAGCTAATG,TACATAATAATGGCACCAGT,Frag1_DNA,Frag1_prot,2,94,E64V,N,F1,alpha,r1,T1,SC_5FC,E64V_F1
Sample038,E64V_N_F1_alpha_2_T1_SC_5FC,Sample038_R1.fastq.gz,Sample038_R2.fastq.gz,TAAAAATTTCATAGCTAATG,TACATAATAATGGCACCAGT,Frag1_DNA,Frag1_prot,2,94,E64V,N,F1,alpha,r2,T1,SC_5FC,E64V_F1
Sample039,E64V_N_F1_alpha_1_T2_SC_5FC_50estra,Sample039_R1.fastq.gz,Sample039_R2.fastq.gz,TAAAAATTTCATAGCTAATG,TACATAATAATGGCACCAGT,Frag1_DNA,Frag1_prot,2,94,E64V,N,F1,alpha,r1,T2,SC_5FC_50estra,E64V_F1
Sample040,E64V_N_F1_alpha_2_T2_SC_5FC_50estra,Sample040_R1.fastq.gz,Sample040_R2.fastq.gz,TAAAAATTTCATAGCTAATG,TACATAATAATGGCACCAGT,Frag1_DNA,Frag1_prot,2,94,E64V,N,F1,alpha,r2,T2,SC_5FC_50estra,E64V_F1
Sample041,WT_H_F1_a_1_T1_SC_5FC,Sample041_R1.fastq.gz,Sample041_R2.fastq.gz,TAAAAATTTCATAGCTAATG,TACATAATAATGGCACCAGT,Frag1_DNA,Frag1_prot,2,94,WT,H,F1,a,r1,T1,SC_5FC,WT_F1
Sample042,WT_H_F1_a_2_T1_SC_5FC,Sample042_R1.fastq.gz,Sample042_R2.fastq.gz,TAAAAATTTCATAGCTAATG,TACATAATAATGGCACCAGT,Frag1_DNA,Frag1_prot,2,94,WT,H,F1,a,r2,T1,SC_5FC,WT_F1
Sample043,WT_H_F1_a_1_T2_SC_5FC_50estra,Sample043_R1.fastq.gz,Sample043_R2.fastq.gz,TAAAAATTTCATAGCTAATG,TACATAATAATGGCACCAGT,Frag1_DNA,Frag1_prot,2,94,WT,H,F1,a,r1,T2,SC_5FC_50estra,WT_F1
Sample044,WT_H_F1_a_2_T2_SC_5FC_50estra,Sample044_R1.fastq.gz,Sample044_R2.fastq.gz,TAAAAATTTCATAGCTAATG,TACATAATAATGGCACCAGT,Frag1_DNA,Frag1_prot,2,94,WT,H,F1,a,r2,T2,SC_5FC_50estra,WT_F1
Sample045,E64V_H_F1_a_1_T1_SC_5FC,Sample045_R1.fastq.gz,Sample045_R2.fastq.gz,TAAAAATTTCATAGCTAATG,TACATAATAATGGCACCAGT,Frag1_DNA,Frag1_prot,2,94,E64V,H,F1,a,r1,T1,SC_5FC,E64V_F1
Sample046,E64V_H_F1_a_2_T1_SC_5FC,Sample046_R1.fastq.gz,Sample046_R2.fastq.gz,TAAAAATTTCATAGCTAATG,TACATAATAATGGCACCAGT,Frag1_DNA,Frag1_prot,2,94,E64V,H,F1,a,r2,T1,SC_5FC,E64V_F1
Sample047,E64V_H_F1_a_1_T2_SC_5FC_50estra,Sample047_R1.fastq.gz,Sample047_R2.fastq.gz,TAAAAATTTCATAGCTAATG,TACATAATAATGGCACCAGT,Frag1_DNA,Frag1_prot,2,94,E64V,H,F1,a,r1,T2,SC_5FC_50estra,E64V_F1
Sample048,E64V_H_F1_a_2_T2_SC_5FC_50estra,Sample048_R1.fastq.gz,Sample048_R2.fastq.gz,TAAAAATTTCATAGCTAATG,TACATAATAATGGCACCAGT,Frag1_DNA,Frag1_prot,2,94,E64V,H,F1,a,r2,T2,SC_5FC_50estra,E64V_F1
Sample049,WT_N_F1_alpha_1_T1_SC_5FC_12.5estra,Sample049_R1.fastq.gz,Sample049_R2.fastq.gz,TAAAAATTTCATAGCTAATG,TACATAATAATGGCACCAGT,Frag1_DNA,Frag1_prot,2,94,WT,N,F1,alpha,r1,T1,SC_5FC_12.5estra,WT_F1
Sample050,WT_N_F1_alpha_2_T1_SC_5FC_12.5estra,Sample050_R1.fastq.gz,Sample050_R2.fastq.gz,TAAAAATTTCATAGCTAATG,TACATAATAATGGCACCAGT,Frag1_DNA,Frag1_prot,2,94,WT,N,F1,alpha,r2,T1,SC_5FC_12.5estra,WT_F1
Sample051,WT_N_F2_alpha_1_T1_SC_5FC_12.5estra,Sample051_R1.fastq.gz,Sample051_R2.fastq.gz,CCACTCTACATGGCGAAATC,ACAGCGTGCTGCGTGCTTCA,Frag2_DNA,Frag2_prot,66,158,WT,N,F2,alpha,r1,T1,SC_5FC_12.5estra,WT_F2
Sample052,WT_N_F2_alpha_2_T1_SC_5FC_12.5estra,Sample052_R1.fastq.gz,Sample052_R2.fastq.gz,CCACTCTACATGGCGAAATC,ACAGCGTGCTGCGTGCTTCA,Frag2_DNA,Frag2_prot,66,158,WT,N,F2,alpha,r2,T1,SC_5FC_12.5estra,WT_F2
Sample053,E64V_N_F1_alpha_1_T1_SC_5FC_12.5estra,Sample053_R1.fastq.gz,Sample053_R2.fastq.gz,TAAAAATTTCATAGCTAATG,TACATAATAATGGCACCAGT,Frag1_DNA,Frag1_prot,2,94,E64V,N,F1,alpha,r1,T1,SC_5FC_12.5estra,E64V_F1
Sample054,E64V_N_F1_alpha_2_T1_SC_5FC_12.5estra,Sample054_R1.fastq.gz,Sample054_R2.fastq.gz,TAAAAATTTCATAGCTAATG,TACATAATAATGGCACCAGT,Frag1_DNA,Frag1_prot,2,94,E64V,N,F1,alpha,r2,T1,SC_5FC_12.5estra,E64V_F1
Sample055,E64V_N_F2_alpha_1_T1_SC_5FC_12.5estra,Sample055_R1.fastq.gz,Sample055_R2.fastq.gz,CCACTCTACATGGCGAAATC,ACAGCGTGCTGCGTGCTTCA,Frag2_DNA,Frag2_prot,66,158,E64V,N,F2,alpha,r1,T1,SC_5FC_12.5estra,E64V_F2
Sample056,E64V_N_F2_alpha_2_T1_SC_5FC_12.5estra,Sample056_R1.fastq.gz,Sample056_R2.fastq.gz,CCACTCTACATGGCGAAATC,ACAGCGTGCTGCGTGCTTCA,Frag2_DNA,Frag2_prot,66,158,E64V,N,F2,alpha,r2,T1,SC_5FC_12.5estra,E64V_F2
Sample057,WT_H_F1_a_1_T1_SC_5FC_12.5estra,Sample057_R1.fastq.gz,Sample057_R2.fastq.gz,TAAAAATTTCATAGCTAATG,TACATAATAATGGCACCAGT,Frag1_DNA,Frag1_prot,2,94,WT,H,F1,a,r1,T1,SC_5FC_12.5estra,WT_F1
Sample058,WT_H_F1_a_2_T1_SC_5FC_12.5estra,Sample058_R1.fastq.gz,Sample058_R2.fastq.gz,TAAAAATTTCATAGCTAATG,TACATAATAATGGCACCAGT,Frag1_DNA,Frag1_prot,2,94,WT,H,F1,a,r2,T1,SC_5FC_12.5estra,WT_F1
Sample059,WT_H_F2_a_1_T1_SC_5FC_12.5estra,Sample059_R1.fastq.gz,Sample059_R2.fastq.gz,CCACTCTACATGGCGAAATC,ACAGCGTGCTGCGTGCTTCA,Frag2_DNA,Frag2_prot,66,158,WT,H,F2,a,r1,T1,SC_5FC_12.5estra,WT_F2
Sample060,WT_H_F2_a_2_T1_SC_5FC_12.5estra,Sample060_R1.fastq.gz,Sample060_R2.fastq.gz,CCACTCTACATGGCGAAATC,ACAGCGTGCTGCGTGCTTCA,Frag2_DNA,Frag2_prot,66,158,WT,H,F2,a,r2,T1,SC_5FC_12.5estra,WT_F2
Sample061,E64V_H_F1_a_1_T1_SC_5FC_12.5estra,Sample061_R1.fastq.gz,Sample061_R2.fastq.gz,TAAAAATTTCATAGCTAATG,TACATAATAATGGCACCAGT,Frag1_DNA,Frag1_prot,2,94,E64V,H,F1,a,r1,T1,SC_5FC_12.5estra,E64V_F1
Sample062,E64V_H_F1_a_2_T1_SC_5FC_12.5estra,Sample062_R1.fastq.gz,Sample062_R2.fastq.gz,TAAAAATTTCATAGCTAATG,TACATAATAATGGCACCAGT,Frag1_DNA,Frag1_prot,2,94,E64V,H,F1,a,r2,T1,SC_5FC_12.5estra,E64V_F1
Sample063,E64V_H_F2_a_1_T1_SC_5FC_12.5estra,Sample063_R1.fastq.gz,Sample063_R2.fastq.gz,CCACTCTACATGGCGAAATC,ACAGCGTGCTGCGTGCTTCA,Frag2_DNA,Frag2_prot,66,158,E64V,H,F2,a,r1,T1,SC_5FC_12.5estra,E64V_F2
Sample064,E64V_H_F2_a_2_T1_SC_5FC_12.5estra,Sample064_R1.fastq.gz,Sample064_R2.fastq.gz,CCACTCTACATGGCGAAATC,ACAGCGTGCTGCGTGCTTCA,Frag2_DNA,Frag2_prot,66,158,E64V,H,F2,a,r2,T1,SC_5FC_12.5estra,E64V_F2
Sample065,WT_N_F1_alpha_1_T1_SC_5FC_50estra,Sample065_R1.fastq.gz,Sample065_R2.fastq.gz,TAAAAATTTCATAGCTAATG,TACATAATAATGGCACCAGT,Frag1_DNA,Frag1_prot,2,94,WT,N,F1,alpha,r1,T1,SC_5FC_50estra,WT_F1
Sample066,WT_N_F1_alpha_2_T1_SC_5FC_50estra,Sample066_R1.fastq.gz,Sample066_R2.fastq.gz,TAAAAATTTCATAGCTAATG,TACATAATAATGGCACCAGT,Frag1_DNA,Frag1_prot,2,94,WT,N,F1,alpha,r2,T1,SC_5FC_50estra,WT_F1
Sample067,WT_N_F2_alpha_1_T1_SC_5FC_50estra,Sample067_R1.fastq.gz,Sample067_R2.fastq.gz,CCACTCTACATGGCGAAATC,ACAGCGTGCTGCGTGCTTCA,Frag2_DNA,Frag2_prot,66,158,WT,N,F2,alpha,r1,T1,SC_5FC_50estra,WT_F2
Sample068,WT_N_F2_alpha_2_T1_SC_5FC_50estra,Sample068_R1.fastq.gz,Sample068_R2.fastq.gz,CCACTCTACATGGCGAAATC,ACAGCGTGCTGCGTGCTTCA,Frag2_DNA,Frag2_prot,66,158,WT,N,F2,alpha,r2,T1,SC_5FC_50estra,WT_F2
Sample069,E64V_N_F1_alpha_1_T1_SC_5FC_50estra,Sample069_R1.fastq.gz,Sample069_R2.fastq.gz,TAAAAATTTCATAGCTAATG,TACATAATAATGGCACCAGT,Frag1_DNA,Frag1_prot,2,94,E64V,N,F1,alpha,r1,T1,SC_5FC_50estra,E64V_F1
Sample070,E64V_N_F1_alpha_2_T1_SC_5FC_50estra,Sample070_R1.fastq.gz,Sample070_R2.fastq.gz,TAAAAATTTCATAGCTAATG,TACATAATAATGGCACCAGT,Frag1_DNA,Frag1_prot,2,94,E64V,N,F1,alpha,r2,T1,SC_5FC_50estra,E64V_F1
Sample071,E64V_N_F2_alpha_1_T1_SC_5FC_50estra,Sample071_R1.fastq.gz,Sample071_R2.fastq.gz,CCACTCTACATGGCGAAATC,ACAGCGTGCTGCGTGCTTCA,Frag2_DNA,Frag2_prot,66,158,E64V,N,F2,alpha,r1,T1,SC_5FC_50estra,E64V_F2
Sample072,E64V_N_F2_alpha_2_T1_SC_5FC_50estra,Sample072_R1.fastq.gz,Sample072_R2.fastq.gz,CCACTCTACATGGCGAAATC,ACAGCGTGCTGCGTGCTTCA,Frag2_DNA,Frag2_prot,66,158,E64V,N,F2,alpha,r2,T1,SC_5FC_50estra,E64V_F2
Sample073,WT_H_F1_a_1_T1_SC_5FC_50estra,Sample073_R1.fastq.gz,Sample073_R2.fastq.gz,TAAAAATTTCATAGCTAATG,TACATAATAATGGCACCAGT,Frag1_DNA,Frag1_prot,2,94,WT,H,F1,a,r1,T1,SC_5FC_50estra,WT_F1
Sample074,WT_H_F1_a_2_T1_SC_5FC_50estra,Sample074_R1.fastq.gz,Sample074_R2.fastq.gz,TAAAAATTTCATAGCTAATG,TACATAATAATGGCACCAGT,Frag1_DNA,Frag1_prot,2,94,WT,H,F1,a,r2,T1,SC_5FC_50estra,WT_F1
Sample075,WT_H_F2_a_1_T1_SC_5FC_50estra,Sample075_R1.fastq.gz,Sample075_R2.fastq.gz,CCACTCTACATGGCGAAATC,ACAGCGTGCTGCGTGCTTCA,Frag2_DNA,Frag2_prot,66,158,WT,H,F2,a,r1,T1,SC_5FC_50estra,WT_F2
Sample076,WT_H_F2_a_2_T1_SC_5FC_50estra,Sample076_R1.fastq.gz,Sample076_R2.fastq.gz,CCACTCTACATGGCGAAATC,ACAGCGTGCTGCGTGCTTCA,Frag2_DNA,Frag2_prot,66,158,WT,H,F2,a,r2,T1,SC_5FC_50estra,WT_F2
Sample077,E64V_H_F1_a_1_T1_SC_5FC_50estra,Sample077_R1.fastq.gz,Sample077_R2.fastq.gz,TAAAAATTTCATAGCTAATG,TACATAATAATGGCACCAGT,Frag1_DNA,Frag1_prot,2,94,E64V,H,F1,a,r1,T1,SC_5FC_50estra,E64V_F1
Sample078,E64V_H_F1_a_2_T1_SC_5FC_50estra,Sample078_R1.fastq.gz,Sample078_R2.fastq.gz,TAAAAATTTCATAGCTAATG,TACATAATAATGGCACCAGT,Frag1_DNA,Frag1_prot,2,94,E64V,H,F1,a,r2,T1,SC_5FC_50estra,E64V_F1
Sample079,E64V_H_F2_a_1_T1_SC_5FC_50estra,Sample079_R1.fastq.gz,Sample079_R2.fastq.gz,CCACTCTACATGGCGAAATC,ACAGCGTGCTGCGTGCTTCA,Frag2_DNA,Frag2_prot,66,158,E64V,H,F2,a,r1,T1,SC_5FC_50estra,E64V_F2
Sample080,E64V_H_F2_a_2_T1_SC_5FC_50estra,Sample080_R1.fastq.gz,Sample080_R2.fastq.gz,CCACTCTACATGGCGAAATC,ACAGCGTGCTGCGTGCTTCA,Frag2_DNA,Frag2_prot,66,158,E64V,H,F2,a,r2,T1,SC_5FC_50estra,E64V_F2
Sample081,WT_N_F1_alpha_1_T2_SC,Sample081_R1.fastq.gz,Sample081_R2.fastq.gz,TAAAAATTTCATAGCTAATG,TACATAATAATGGCACCAGT,Frag1_DNA,Frag1_prot,2,94,WT,N,F1,alpha,r1,T2,SC,WT_F1
Sample082,WT_N_F1_alpha_2_T2_SC,Sample082_R1.fastq.gz,Sample082_R2.fastq.gz,TAAAAATTTCATAGCTAATG,TACATAATAATGGCACCAGT,Frag1_DNA,Frag1_prot,2,94,WT,N,F1,alpha,r2,T2,SC,WT_F1
Sample083,WT_N_F2_alpha_1_T2_SC,Sample083_R1.fastq.gz,Sample083_R2.fastq.gz,CCACTCTACATGGCGAAATC,ACAGCGTGCTGCGTGCTTCA,Frag2_DNA,Frag2_prot,66,158,WT,N,F2,alpha,r1,T2,SC,WT_F2
Sample084,WT_N_F2_alpha_2_T2_SC,Sample084_R1.fastq.gz,Sample084_R2.fastq.gz,CCACTCTACATGGCGAAATC,ACAGCGTGCTGCGTGCTTCA,Frag2_DNA,Frag2_prot,66,158,WT,N,F2,alpha,r2,T2,SC,WT_F2
Sample085,E64V_N_F1_alpha_1_T2_SC,Sample085_R1.fastq.gz,Sample085_R2.fastq.gz,TAAAAATTTCATAGCTAATG,TACATAATAATGGCACCAGT,Frag1_DNA,Frag1_prot,2,94,E64V,N,F1,alpha,r1,T2,SC,E64V_F1
Sample086,E64V_N_F1_alpha_2_T2_SC,Sample086_R1.fastq.gz,Sample086_R2.fastq.gz,TAAAAATTTCATAGCTAATG,TACATAATAATGGCACCAGT,Frag1_DNA,Frag1_prot,2,94,E64V,N,F1,alpha,r2,T2,SC,E64V_F1
Sample087,E64V_N_F2_alpha_1_T2_SC,Sample087_R1.fastq.gz,Sample087_R2.fastq.gz,CCACTCTACATGGCGAAATC,ACAGCGTGCTGCGTGCTTCA,Frag2_DNA,Frag2_prot,66,158,E64V,N,F2,alpha,r1,T2,SC,E64V_F2
Sample088,E64V_N_F2_alpha_2_T2_SC,Sample088_R1.fastq.gz,Sample088_R2.fastq.gz,CCACTCTACATGGCGAAATC,ACAGCGTGCTGCGTGCTTCA,Frag2_DNA,Frag2_prot,66,158,E64V,N,F2,alpha,r2,T2,SC,E64V_F2
Sample089,WT_H_F1_a_1_T2_SC,Sample089_R1.fastq.gz,Sample089_R2.fastq.gz,TAAAAATTTCATAGCTAATG,TACATAATAATGGCACCAGT,Frag1_DNA,Frag1_prot,2,94,WT,H,F1,a,r1,T2,SC,WT_F1
Sample090,WT_H_F1_a_2_T2_SC,Sample090_R1.fastq.gz,Sample090_R2.fastq.gz,TAAAAATTTCATAGCTAATG,TACATAATAATGGCACCAGT,Frag1_DNA,Frag1_prot,2,94,WT,H,F1,a,r2,T2,SC,WT_F1
Sample091,WT_H_F2_a_1_T2_SC,Sample091_R1.fastq.gz,Sample091_R2.fastq.gz,CCACTCTACATGGCGAAATC,ACAGCGTGCTGCGTGCTTCA,Frag2_DNA,Frag2_prot,66,158,WT,H,F2,a,r1,T2,SC,WT_F2
Sample092,WT_H_F2_a_2_T2_SC,Sample092_R1.fastq.gz,Sample092_R2.fastq.gz,CCACTCTACATGGCGAAATC,ACAGCGTGCTGCGTGCTTCA,Frag2_DNA,Frag2_prot,66,158,WT,H,F2,a,r2,T2,SC,WT_F2
Sample093,E64V_H_F1_a_1_T2_SC,Sample093_R1.fastq.gz,Sample093_R2.fastq.gz,TAAAAATTTCATAGCTAATG,TACATAATAATGGCACCAGT,Frag1_DNA,Frag1_prot,2,94,E64V,H,F1,a,r1,T2,SC,E64V_F1
Sample094,E64V_H_F1_a_2_T2_SC,Sample094_R1.fastq.gz,Sample094_R2.fastq.gz,TAAAAATTTCATAGCTAATG,TACATAATAATGGCACCAGT,Frag1_DNA,Frag1_prot,2,94,E64V,H,F1,a,r2,T2,SC,E64V_F1
Sample095,E64V_H_F2_a_1_T2_SC,Sample095_R1.fastq.gz,Sample095_R2.fastq.gz,CCACTCTACATGGCGAAATC,ACAGCGTGCTGCGTGCTTCA,Frag2_DNA,Frag2_prot,66,158,E64V,H,F2,a,r1,T2,SC,E64V_F2
Sample096,E64V_H_F2_a_2_T2_SC,Sample096_R1.fastq.gz,Sample096_R2.fastq.gz,CCACTCTACATGGCGAAATC,ACAGCGTGCTGCGTGCTTCA,Frag2_DNA,Frag2_prot,66,158,E64V,H,F2,a,r2,T2,SC,E64V_F2
Sample099,WT_N_F2_alpha_1_T2_SC_5FC,Sample099_R1.fastq.gz,Sample099_R2.fastq.gz,CCACTCTACATGGCGAAATC,ACAGCGTGCTGCGTGCTTCA,Frag2_DNA,Frag2_prot,66,158,WT,N,F2,alpha,r1,T2,SC_5FC,WT_F2
Sample100,WT_N_F2_alpha_2_T2_SC_5FC,Sample100_R1.fastq.gz,Sample100_R2.fastq.gz,CCACTCTACATGGCGAAATC,ACAGCGTGCTGCGTGCTTCA,Frag2_DNA,Frag2_prot,66,158,WT,N,F2,alpha,r2,T2,SC_5FC,WT_F2
Sample103,E64V_N_F2_alpha_1_T2_SC_5FC,Sample103_R1.fastq.gz,Sample103_R2.fastq.gz,CCACTCTACATGGCGAAATC,ACAGCGTGCTGCGTGCTTCA,Frag2_DNA,Frag2_prot,66,158,E64V,N,F2,alpha,r1,T2,SC_5FC,E64V_F2
Sample104,E64V_N_F2_alpha_2_T2_SC_5FC,Sample104_R1.fastq.gz,Sample104_R2.fastq.gz,CCACTCTACATGGCGAAATC,ACAGCGTGCTGCGTGCTTCA,Frag2_DNA,Frag2_prot,66,158,E64V,N,F2,alpha,r2,T2,SC_5FC,E64V_F2
Sample107,WT_H_F2_a_1_T2_SC_5FC,Sample107_R1.fastq.gz,Sample107_R2.fastq.gz,CCACTCTACATGGCGAAATC,ACAGCGTGCTGCGTGCTTCA,Frag2_DNA,Frag2_prot,66,158,WT,H,F2,a,r1,T2,SC_5FC,WT_F2
Sample108,WT_H_F2_a_2_T2_SC_5FC,Sample108_R1.fastq.gz,Sample108_R2.fastq.gz,CCACTCTACATGGCGAAATC,ACAGCGTGCTGCGTGCTTCA,Frag2_DNA,Frag2_prot,66,158,WT,H,F2,a,r2,T2,SC_5FC,WT_F2
Sample111,E64V_H_F2_a_1_T2_SC_5FC,Sample111_R1.fastq.gz,Sample111_R2.fastq.gz,CCACTCTACATGGCGAAATC,ACAGCGTGCTGCGTGCTTCA,Frag2_DNA,Frag2_prot,66,158,E64V,H,F2,a,r1,T2,SC_5FC,E64V_F2
Sample112,E64V_H_F2_a_2_T2_SC_5FC,Sample112_R1.fastq.gz,Sample112_R2.fastq.gz,CCACTCTACATGGCGAAATC,ACAGCGTGCTGCGTGCTTCA,Frag2_DNA,Frag2_prot,66,158,E64V,H,F2,a,r2,T2,SC_5FC,E64V_F2
Sample113,WT_N_F2_alpha_1_T1_SC,Sample113_R1.fastq.gz,Sample113_R2.fastq.gz,CCACTCTACATGGCGAAATC,ACAGCGTGCTGCGTGCTTCA,Frag2_DNA,Frag2_prot,66,158,WT,N,F2,alpha,r1,T1,SC,WT_F2
Sample114,WT_N_F2_alpha_2_T1_SC,Sample114_R1.fastq.gz,Sample114_R2.fastq.gz,CCACTCTACATGGCGAAATC,ACAGCGTGCTGCGTGCTTCA,Frag2_DNA,Frag2_prot,66,158,WT,N,F2,alpha,r2,T1,SC,WT_F2
Sample115,WT_N_F2_alpha_1_T2_SC_5FC_12.5estra,Sample115_R1.fastq.gz,Sample115_R2.fastq.gz,CCACTCTACATGGCGAAATC,ACAGCGTGCTGCGTGCTTCA,Frag2_DNA,Frag2_prot,66,158,WT,N,F2,alpha,r1,T2,SC_5FC_12.5estra,WT_F2
Sample116,WT_N_F2_alpha_2_T2_SC_5FC_12.5estra,Sample116_R1.fastq.gz,Sample116_R2.fastq.gz,CCACTCTACATGGCGAAATC,ACAGCGTGCTGCGTGCTTCA,Frag2_DNA,Frag2_prot,66,158,WT,N,F2,alpha,r2,T2,SC_5FC_12.5estra,WT_F2
Sample117,E64V_N_F2_alpha_1_T1_SC,Sample117_R1.fastq.gz,Sample117_R2.fastq.gz,CCACTCTACATGGCGAAATC,ACAGCGTGCTGCGTGCTTCA,Frag2_DNA,Frag2_prot,66,158,E64V,N,F2,alpha,r1,T1,SC,E64V_F2
Sample118,E64V_N_F2_alpha_2_T1_SC,Sample118_R1.fastq.gz,Sample118_R2.fastq.gz,CCACTCTACATGGCGAAATC,ACAGCGTGCTGCGTGCTTCA,Frag2_DNA,Frag2_prot,66,158,E64V,N,F2,alpha,r2,T1,SC,E64V_F2
Sample119,E64V_N_F2_alpha_1_T2_SC_5FC_12.5estra,Sample119_R1.fastq.gz,Sample119_R2.fastq.gz,CCACTCTACATGGCGAAATC,ACAGCGTGCTGCGTGCTTCA,Frag2_DNA,Frag2_prot,66,158,E64V,N,F2,alpha,r1,T2,SC_5FC_12.5estra,E64V_F2
Sample120,E64V_N_F2_alpha_2_T2_SC_5FC_12.5estra,Sample120_R1.fastq.gz,Sample120_R2.fastq.gz,CCACTCTACATGGCGAAATC,ACAGCGTGCTGCGTGCTTCA,Frag2_DNA,Frag2_prot,66,158,E64V,N,F2,alpha,r2,T2,SC_5FC_12.5estra,E64V_F2
Sample121,WT_H_F2_a_1_T1_SC,Sample121_R1.fastq.gz,Sample121_R2.fastq.gz,CCACTCTACATGGCGAAATC,ACAGCGTGCTGCGTGCTTCA,Frag2_DNA,Frag2_prot,66,158,WT,H,F2,a,r1,T1,SC,WT_F2
Sample122,WT_H_F2_a_2_T1_SC,Sample122_R1.fastq.gz,Sample122_R2.fastq.gz,CCACTCTACATGGCGAAATC,ACAGCGTGCTGCGTGCTTCA,Frag2_DNA,Frag2_prot,66,158,WT,H,F2,a,r2,T1,SC,WT_F2
Sample123,WT_H_F2_a_1_T2_SC_5FC_12.5estra,Sample123_R1.fastq.gz,Sample123_R2.fastq.gz,CCACTCTACATGGCGAAATC,ACAGCGTGCTGCGTGCTTCA,Frag2_DNA,Frag2_prot,66,158,WT,H,F2,a,r1,T2,SC_5FC_12.5estra,WT_F2
Sample124,WT_H_F2_a_2_T2_SC_5FC_12.5estra,Sample124_R1.fastq.gz,Sample124_R2.fastq.gz,CCACTCTACATGGCGAAATC,ACAGCGTGCTGCGTGCTTCA,Frag2_DNA,Frag2_prot,66,158,WT,H,F2,a,r2,T2,SC_5FC_12.5estra,WT_F2
Sample125,E64V_H_F2_a_1_T1_SC,Sample125_R1.fastq.gz,Sample125_R2.fastq.gz,CCACTCTACATGGCGAAATC,ACAGCGTGCTGCGTGCTTCA,Frag2_DNA,Frag2_prot,66,158,E64V,H,F2,a,r1,T1,SC,E64V_F2
Sample126,E64V_H_F2_a_2_T1_SC,Sample126_R1.fastq.gz,Sample126_R2.fastq.gz,CCACTCTACATGGCGAAATC,ACAGCGTGCTGCGTGCTTCA,Frag2_DNA,Frag2_prot,66,158,E64V,H,F2,a,r2,T1,SC,E64V_F2
Sample127,E64V_H_F2_a_1_T2_SC_5FC_12.5estra,Sample127_R1.fastq.gz,Sample127_R2.fastq.gz,CCACTCTACATGGCGAAATC,ACAGCGTGCTGCGTGCTTCA,Frag2_DNA,Frag2_prot,66,158,E64V,H,F2,a,r1,T2,SC_5FC_12.5estra,E64V_F2
Sample128,E64V_H_F2_a_2_T2_SC_5FC_12.5estra,Sample128_R1.fastq.gz,Sample128_R2.fastq.gz,CCACTCTACATGGCGAAATC,ACAGCGTGCTGCGTGCTTCA,Frag2_DNA,Frag2_prot,66,158,E64V,H,F2,a,r2,T2,SC_5FC_12.5estra,E64V_F2
Sample129,WT_N_F2_alpha_1_T1_SC_5FC,Sample129_R1.fastq.gz,Sample129_R2.fastq.gz,CCACTCTACATGGCGAAATC,ACAGCGTGCTGCGTGCTTCA,Frag2_DNA,Frag2_prot,66,158,WT,N,F2,alpha,r1,T1,SC_5FC,WT_F2
Sample130,WT_N_F2_alpha_2_T1_SC_5FC,Sample130_R1.fastq.gz,Sample130_R2.fastq.gz,CCACTCTACATGGCGAAATC,ACAGCGTGCTGCGTGCTTCA,Frag2_DNA,Frag2_prot,66,158,WT,N,F2,alpha,r2,T1,SC_5FC,WT_F2
Sample131,WT_N_F2_alpha_1_T2_SC_5FC_50estra,Sample131_R1.fastq.gz,Sample131_R2.fastq.gz,CCACTCTACATGGCGAAATC,ACAGCGTGCTGCGTGCTTCA,Frag2_DNA,Frag2_prot,66,158,WT,N,F2,alpha,r1,T2,SC_5FC_50estra,WT_F2
Sample132,WT_N_F2_alpha_2_T2_SC_5FC_50estra,Sample132_R1.fastq.gz,Sample132_R2.fastq.gz,CCACTCTACATGGCGAAATC,ACAGCGTGCTGCGTGCTTCA,Frag2_DNA,Frag2_prot,66,158,WT,N,F2,alpha,r2,T2,SC_5FC_50estra,WT_F2
Sample133,E64V_N_F2_alpha_1_T1_SC_5FC,Sample133_R1.fastq.gz,Sample133_R2.fastq.gz,CCACTCTACATGGCGAAATC,ACAGCGTGCTGCGTGCTTCA,Frag2_DNA,Frag2_prot,66,158,E64V,N,F2,alpha,r1,T1,SC_5FC,E64V_F2
Sample134,E64V_N_F2_alpha_2_T1_SC_5FC,Sample134_R1.fastq.gz,Sample134_R2.fastq.gz,CCACTCTACATGGCGAAATC,ACAGCGTGCTGCGTGCTTCA,Frag2_DNA,Frag2_prot,66,158,E64V,N,F2,alpha,r2,T1,SC_5FC,E64V_F2
Sample135,E64V_N_F2_alpha_1_T2_SC_5FC_50estra,Sample135_R1.fastq.gz,Sample135_R2.fastq.gz,CCACTCTACATGGCGAAATC,ACAGCGTGCTGCGTGCTTCA,Frag2_DNA,Frag2_prot,66,158,E64V,N,F2,alpha,r1,T2,SC_5FC_50estra,E64V_F2
Sample136,E64V_N_F2_alpha_2_T2_SC_5FC_50estra,Sample136_R1.fastq.gz,Sample136_R2.fastq.gz,CCACTCTACATGGCGAAATC,ACAGCGTGCTGCGTGCTTCA,Frag2_DNA,Frag2_prot,66,158,E64V,N,F2,alpha,r2,T2,SC_5FC_50estra,E64V_F2
Sample137,WT_H_F2_a_1_T1_SC_5FC,Sample137_R1.fastq.gz,Sample137_R2.fastq.gz,CCACTCTACATGGCGAAATC,ACAGCGTGCTGCGTGCTTCA,Frag2_DNA,Frag2_prot,66,158,WT,H,F2,a,r1,T1,SC_5FC,WT_F2
Sample138,WT_H_F2_a_2_T1_SC_5FC,Sample138_R1.fastq.gz,Sample138_R2.fastq.gz,CCACTCTACATGGCGAAATC,ACAGCGTGCTGCGTGCTTCA,Frag2_DNA,Frag2_prot,66,158,WT,H,F2,a,r2,T1,SC_5FC,WT_F2
Sample139,WT_H_F2_a_1_T2_SC_5FC_50estra,Sample139_R1.fastq.gz,Sample139_R2.fastq.gz,CCACTCTACATGGCGAAATC,ACAGCGTGCTGCGTGCTTCA,Frag2_DNA,Frag2_prot,66,158,WT,H,F2,a,r1,T2,SC_5FC_50estra,WT_F2
Sample140,WT_H_F2_a_2_T2_SC_5FC_50estra,Sample140_R1.fastq.gz,Sample140_R2.fastq.gz,CCACTCTACATGGCGAAATC,ACAGCGTGCTGCGTGCTTCA,Frag2_DNA,Frag2_prot,66,158,WT,H,F2,a,r2,T2,SC_5FC_50estra,WT_F2
Sample141,E64V_H_F2_a_1_T1_SC_5FC,Sample141_R1.fastq.gz,Sample141_R2.fastq.gz,CCACTCTACATGGCGAAATC,ACAGCGTGCTGCGTGCTTCA,Frag2_DNA,Frag2_prot,66,158,E64V,H,F2,a,r1,T1,SC_5FC,E64V_F2
Sample142,E64V_H_F2_a_2_T1_SC_5FC,Sample142_R1.fastq.gz,Sample142_R2.fastq.gz,CCACTCTACATGGCGAAATC,ACAGCGTGCTGCGTGCTTCA,Frag2_DNA,Frag2_prot,66,158,E64V,H,F2,a,r2,T1,SC_5FC,E64V_F2
Sample143,E64V_H_F2_a_1_T2_SC_5FC_50estra,Sample143_R1.fastq.gz,Sample143_R2.fastq.gz,CCACTCTACATGGCGAAATC,ACAGCGTGCTGCGTGCTTCA,Frag2_DNA,Frag2_prot,66,158,E64V,H,F2,a,r1,T2,SC_5FC_50estra,E64V_F2
Sample144,E64V_H_F2_a_2_T2_SC_5FC_50estra,Sample144_R1.fastq.gz,Sample144_R2.fastq.gz,CCACTCTACATGGCGAAATC,ACAGCGTGCTGCGTGCTTCA,Frag2_DNA,Frag2_prot,66,158,E64V,H,F2,a,r2,T2,SC_5FC_50estra,E64V_F2
Sample001,WT_N_F1_alpha_r1_T0_SC,Sample001_R1.fastq.gz,Sample001_R2.fastq.gz,TAAAAATTTCATAGCTAATG,TACATAATAATGGCACCAGT,Frag1_DNA,Frag1_prot,2,94,WT,N,F1,alpha,r1,T0,SC,WT_F1
Sample002,WT_N_F1_alpha_r2_T0_SC,Sample002_R1.fastq.gz,Sample002_R2.fastq.gz,TAAAAATTTCATAGCTAATG,TACATAATAATGGCACCAGT,Frag1_DNA,Frag1_prot,2,94,WT,N,F1,alpha,r2,T0,SC,WT_F1
Sample005,E64V_N_F1_alpha_r1_T0_SC,Sample005_R1.fastq.gz,Sample005_R2.fastq.gz,TAAAAATTTCATAGCTAATG,TACATAATAATGGCACCAGT,Frag1_DNA,Frag1_prot,2,94,E64V,N,F1,alpha,r1,T0,SC,E64V_F1
Sample006,E64V_N_F1_alpha_r2_T0_SC,Sample006_R1.fastq.gz,Sample006_R2.fastq.gz,TAAAAATTTCATAGCTAATG,TACATAATAATGGCACCAGT,Frag1_DNA,Frag1_prot,2,94,E64V,N,F1,alpha,r2,T0,SC,E64V_F1
Sample009,WT_H_F1_a_r1_T0_SC,Sample009_R1.fastq.gz,Sample009_R2.fastq.gz,TAAAAATTTCATAGCTAATG,TACATAATAATGGCACCAGT,Frag1_DNA,Frag1_prot,2,94,WT,H,F1,a,r1,T0,SC,WT_F1
Sample010,WT_H_F1_a_r2_T0_SC,Sample010_R1.fastq.gz,Sample010_R2.fastq.gz,TAAAAATTTCATAGCTAATG,TACATAATAATGGCACCAGT,Frag1_DNA,Frag1_prot,2,94,WT,H,F1,a,r2,T0,SC,WT_F1
Sample013,E64V_H_F1_a_r1_T0_SC,Sample013_R1.fastq.gz,Sample013_R2.fastq.gz,TAAAAATTTCATAGCTAATG,TACATAATAATGGCACCAGT,Frag1_DNA,Frag1_prot,2,94,E64V,H,F1,a,r1,T0,SC,E64V_F1
Sample014,E64V_H_F1_a_r2_T0_SC,Sample014_R1.fastq.gz,Sample014_R2.fastq.gz,TAAAAATTTCATAGCTAATG,TACATAATAATGGCACCAGT,Frag1_DNA,Frag1_prot,2,94,E64V,H,F1,a,r2,T0,SC,E64V_F1
Sample097,WT_N_F2_alpha_r1_T0_SC,Sample097_R1.fastq.gz,Sample097_R2.fastq.gz,CCACTCTACATGGCGAAATC,ACAGCGTGCTGCGTGCTTCA,Frag2_DNA,Frag2_prot,66,158,WT,N,F2,alpha,r1,T0,SC,WT_F2
Sample098,WT_N_F2_alpha_r2_T0_SC,Sample098_R1.fastq.gz,Sample098_R2.fastq.gz,CCACTCTACATGGCGAAATC,ACAGCGTGCTGCGTGCTTCA,Frag2_DNA,Frag2_prot,66,158,WT,N,F2,alpha,r2,T0,SC,WT_F2
Sample101,E64V_N_F2_alpha_r1_T0_SC,Sample101_R1.fastq.gz,Sample101_R2.fastq.gz,CCACTCTACATGGCGAAATC,ACAGCGTGCTGCGTGCTTCA,Frag2_DNA,Frag2_prot,66,158,E64V,N,F2,alpha,r1,T0,SC,E64V_F2
Sample102,E64V_N_F2_alpha_r2_T0_SC,Sample102_R1.fastq.gz,Sample102_R2.fastq.gz,CCACTCTACATGGCGAAATC,ACAGCGTGCTGCGTGCTTCA,Frag2_DNA,Frag2_prot,66,158,E64V,N,F2,alpha,r2,T0,SC,E64V_F2
Sample105,WT_H_F2_a_r1_T0_SC,Sample105_R1.fastq.gz,Sample105_R2.fastq.gz,CCACTCTACATGGCGAAATC,ACAGCGTGCTGCGTGCTTCA,Frag2_DNA,Frag2_prot,66,158,WT,H,F2,a,r1,T0,SC,WT_F2
Sample106,WT_H_F2_a_r2_T0_SC,Sample106_R1.fastq.gz,Sample106_R2.fastq.gz,CCACTCTACATGGCGAAATC,ACAGCGTGCTGCGTGCTTCA,Frag2_DNA,Frag2_prot,66,158,WT,H,F2,a,r2,T0,SC,WT_F2
Sample109,E64V_H_F2_a_r1_T0_SC,Sample109_R1.fastq.gz,Sample109_R2.fastq.gz,CCACTCTACATGGCGAAATC,ACAGCGTGCTGCGTGCTTCA,Frag2_DNA,Frag2_prot,66,158,E64V,H,F2,a,r1,T0,SC,E64V_F2
Sample110,E64V_H_F2_a_r2_T0_SC,Sample110_R1.fastq.gz,Sample110_R2.fastq.gz,CCACTCTACATGGCGAAATC,ACAGCGTGCTGCGTGCTTCA,Frag2_DNA,Frag2_prot,66,158,E64V,H,F2,a,r2,T0,SC,E64V_F2
Sample001,WT_N_F1_alpha_r1_T0_SC_5FC,Sample001_R1.fastq.gz,Sample001_R2.fastq.gz,TAAAAATTTCATAGCTAATG,TACATAATAATGGCACCAGT,Frag1_DNA,Frag1_prot,2,94,WT,N,F1,alpha,r1,T0,SC_5FC,WT_F1
Sample002,WT_N_F1_alpha_r2_T0_SC_5FC,Sample002_R1.fastq.gz,Sample002_R2.fastq.gz,TAAAAATTTCATAGCTAATG,TACATAATAATGGCACCAGT,Frag1_DNA,Frag1_prot,2,94,WT,N,F1,alpha,r2,T0,SC_5FC,WT_F1
Sample005,E64V_N_F1_alpha_r1_T0_SC_5FC,Sample005_R1.fastq.gz,Sample005_R2.fastq.gz,TAAAAATTTCATAGCTAATG,TACATAATAATGGCACCAGT,Frag1_DNA,Frag1_prot,2,94,E64V,N,F1,alpha,r1,T0,SC_5FC,E64V_F1
Sample006,E64V_N_F1_alpha_r2_T0_SC_5FC,Sample006_R1.fastq.gz,Sample006_R2.fastq.gz,TAAAAATTTCATAGCTAATG,TACATAATAATGGCACCAGT,Frag1_DNA,Frag1_prot,2,94,E64V,N,F1,alpha,r2,T0,SC_5FC,E64V_F1
Sample009,WT_H_F1_a_r1_T0_SC_5FC,Sample009_R1.fastq.gz,Sample009_R2.fastq.gz,TAAAAATTTCATAGCTAATG,TACATAATAATGGCACCAGT,Frag1_DNA,Frag1_prot,2,94,WT,H,F1,a,r1,T0,SC_5FC,WT_F1
Sample010,WT_H_F1_a_r2_T0_SC_5FC,Sample010_R1.fastq.gz,Sample010_R2.fastq.gz,TAAAAATTTCATAGCTAATG,TACATAATAATGGCACCAGT,Frag1_DNA,Frag1_prot,2,94,WT,H,F1,a,r2,T0,SC_5FC,WT_F1
Sample013,E64V_H_F1_a_r1_T0_SC_5FC,Sample013_R1.fastq.gz,Sample013_R2.fastq.gz,TAAAAATTTCATAGCTAATG,TACATAATAATGGCACCAGT,Frag1_DNA,Frag1_prot,2,94,E64V,H,F1,a,r1,T0,SC_5FC,E64V_F1
Sample014,E64V_H_F1_a_r2_T0_SC_5FC,Sample014_R1.fastq.gz,Sample014_R2.fastq.gz,TAAAAATTTCATAGCTAATG,TACATAATAATGGCACCAGT,Frag1_DNA,Frag1_prot,2,94,E64V,H,F1,a,r2,T0,SC_5FC,E64V_F1
Sample097,WT_N_F2_alpha_r1_T0_SC_5FC,Sample097_R1.fastq.gz,Sample097_R2.fastq.gz,CCACTCTACATGGCGAAATC,ACAGCGTGCTGCGTGCTTCA,Frag2_DNA,Frag2_prot,66,158,WT,N,F2,alpha,r1,T0,SC_5FC,WT_F2
Sample098,WT_N_F2_alpha_r2_T0_SC_5FC,Sample098_R1.fastq.gz,Sample098_R2.fastq.gz,CCACTCTACATGGCGAAATC,ACAGCGTGCTGCGTGCTTCA,Frag2_DNA,Frag2_prot,66,158,WT,N,F2,alpha,r2,T0,SC_5FC,WT_F2
Sample101,E64V_N_F2_alpha_r1_T0_SC_5FC,Sample101_R1.fastq.gz,Sample101_R2.fastq.gz,CCACTCTACATGGCGAAATC,ACAGCGTGCTGCGTGCTTCA,Frag2_DNA,Frag2_prot,66,158,E64V,N,F2,alpha,r1,T0,SC_5FC,E64V_F2
Sample102,E64V_N_F2_alpha_r2_T0_SC_5FC,Sample102_R1.fastq.gz,Sample102_R2.fastq.gz,CCACTCTACATGGCGAAATC,ACAGCGTGCTGCGTGCTTCA,Frag2_DNA,Frag2_prot,66,158,E64V,N,F2,alpha,r2,T0,SC_5FC,E64V_F2
Sample105,WT_H_F2_a_r1_T0_SC_5FC,Sample105_R1.fastq.gz,Sample105_R2.fastq.gz,CCACTCTACATGGCGAAATC,ACAGCGTGCTGCGTGCTTCA,Frag2_DNA,Frag2_prot,66,158,WT,H,F2,a,r1,T0,SC_5FC,WT_F2
Sample106,WT_H_F2_a_r2_T0_SC_5FC,Sample106_R1.fastq.gz,Sample106_R2.fastq.gz,CCACTCTACATGGCGAAATC,ACAGCGTGCTGCGTGCTTCA,Frag2_DNA,Frag2_prot,66,158,WT,H,F2,a,r2,T0,SC_5FC,WT_F2
Sample109,E64V_H_F2_a_r1_T0_SC_5FC,Sample109_R1.fastq.gz,Sample109_R2.fastq.gz,CCACTCTACATGGCGAAATC,ACAGCGTGCTGCGTGCTTCA,Frag2_DNA,Frag2_prot,66,158,E64V,H,F2,a,r1,T0,SC_5FC,E64V_F2
Sample110,E64V_H_F2_a_r2_T0_SC_5FC,Sample110_R1.fastq.gz,Sample110_R2.fastq.gz,CCACTCTACATGGCGAAATC,ACAGCGTGCTGCGTGCTTCA,Frag2_DNA,Frag2_prot,66,158,E64V,H,F2,a,r2,T0,SC_5FC,E64V_F2
Sample001,WT_N_F1_alpha_r1_T0_SC_5FC_12.5estra,Sample001_R1.fastq.gz,Sample001_R2.fastq.gz,TAAAAATTTCATAGCTAATG,TACATAATAATGGCACCAGT,Frag1_DNA,Frag1_prot,2,94,WT,N,F1,alpha,r1,T0,SC_5FC_12.5estra,WT_F1
Sample002,WT_N_F1_alpha_r2_T0_SC_5FC_12.5estra,Sample002_R1.fastq.gz,Sample002_R2.fastq.gz,TAAAAATTTCATAGCTAATG,TACATAATAATGGCACCAGT,Frag1_DNA,Frag1_prot,2,94,WT,N,F1,alpha,r2,T0,SC_5FC_12.5estra,WT_F1
Sample005,E64V_N_F1_alpha_r1_T0_SC_5FC_12.5estra,Sample005_R1.fastq.gz,Sample005_R2.fastq.gz,TAAAAATTTCATAGCTAATG,TACATAATAATGGCACCAGT,Frag1_DNA,Frag1_prot,2,94,E64V,N,F1,alpha,r1,T0,SC_5FC_12.5estra,E64V_F1
Sample006,E64V_N_F1_alpha_r2_T0_SC_5FC_12.5estra,Sample006_R1.fastq.gz,Sample006_R2.fastq.gz,TAAAAATTTCATAGCTAATG,TACATAATAATGGCACCAGT,Frag1_DNA,Frag1_prot,2,94,E64V,N,F1,alpha,r2,T0,SC_5FC_12.5estra,E64V_F1
Sample009,WT_H_F1_a_r1_T0_SC_5FC_12.5estra,Sample009_R1.fastq.gz,Sample009_R2.fastq.gz,TAAAAATTTCATAGCTAATG,TACATAATAATGGCACCAGT,Frag1_DNA,Frag1_prot,2,94,WT,H,F1,a,r1,T0,SC_5FC_12.5estra,WT_F1
Sample010,WT_H_F1_a_r2_T0_SC_5FC_12.5estra,Sample010_R1.fastq.gz,Sample010_R2.fastq.gz,TAAAAATTTCATAGCTAATG,TACATAATAATGGCACCAGT,Frag1_DNA,Frag1_prot,2,94,WT,H,F1,a,r2,T0,SC_5FC_12.5estra,WT_F1
Sample013,E64V_H_F1_a_r1_T0_SC_5FC_12.5estra,Sample013_R1.fastq.gz,Sample013_R2.fastq.gz,TAAAAATTTCATAGCTAATG,TACATAATAATGGCACCAGT,Frag1_DNA,Frag1_prot,2,94,E64V,H,F1,a,r1,T0,SC_5FC_12.5estra,E64V_F1
Sample014,E64V_H_F1_a_r2_T0_SC_5FC_12.5estra,Sample014_R1.fastq.gz,Sample014_R2.fastq.gz,TAAAAATTTCATAGCTAATG,TACATAATAATGGCACCAGT,Frag1_DNA,Frag1_prot,2,94,E64V,H,F1,a,r2,T0,SC_5FC_12.5estra,E64V_F1
Sample097,WT_N_F2_alpha_r1_T0_SC_5FC_12.5estra,Sample097_R1.fastq.gz,Sample097_R2.fastq.gz,CCACTCTACATGGCGAAATC,ACAGCGTGCTGCGTGCTTCA,Frag2_DNA,Frag2_prot,66,158,WT,N,F2,alpha,r1,T0,SC_5FC_12.5estra,WT_F2
Sample098,WT_N_F2_alpha_r2_T0_SC_5FC_12.5estra,Sample098_R1.fastq.gz,Sample098_R2.fastq.gz,CCACTCTACATGGCGAAATC,ACAGCGTGCTGCGTGCTTCA,Frag2_DNA,Frag2_prot,66,158,WT,N,F2,alpha,r2,T0,SC_5FC_12.5estra,WT_F2
Sample101,E64V_N_F2_alpha_r1_T0_SC_5FC_12.5estra,Sample101_R1.fastq.gz,Sample101_R2.fastq.gz,CCACTCTACATGGCGAAATC,ACAGCGTGCTGCGTGCTTCA,Frag2_DNA,Frag2_prot,66,158,E64V,N,F2,alpha,r1,T0,SC_5FC_12.5estra,E64V_F2
Sample102,E64V_N_F2_alpha_r2_T0_SC_5FC_12.5estra,Sample102_R1.fastq.gz,Sample102_R2.fastq.gz,CCACTCTACATGGCGAAATC,ACAGCGTGCTGCGTGCTTCA,Frag2_DNA,Frag2_prot,66,158,E64V,N,F2,alpha,r2,T0,SC_5FC_12.5estra,E64V_F2
Sample105,WT_H_F2_a_r1_T0_SC_5FC_12.5estra,Sample105_R1.fastq.gz,Sample105_R2.fastq.gz,CCACTCTACATGGCGAAATC,ACAGCGTGCTGCGTGCTTCA,Frag2_DNA,Frag2_prot,66,158,WT,H,F2,a,r1,T0,SC_5FC_12.5estra,WT_F2
Sample106,WT_H_F2_a_r2_T0_SC_5FC_12.5estra,Sample106_R1.fastq.gz,Sample106_R2.fastq.gz,CCACTCTACATGGCGAAATC,ACAGCGTGCTGCGTGCTTCA,Frag2_DNA,Frag2_prot,66,158,WT,H,F2,a,r2,T0,SC_5FC_12.5estra,WT_F2
Sample109,E64V_H_F2_a_r1_T0_SC_5FC_12.5estra,Sample109_R1.fastq.gz,Sample109_R2.fastq.gz,CCACTCTACATGGCGAAATC,ACAGCGTGCTGCGTGCTTCA,Frag2_DNA,Frag2_prot,66,158,E64V,H,F2,a,r1,T0,SC_5FC_12.5estra,E64V_F2
Sample110,E64V_H_F2_a_r2_T0_SC_5FC_12.5estra,Sample110_R1.fastq.gz,Sample110_R2.fastq.gz,CCACTCTACATGGCGAAATC,ACAGCGTGCTGCGTGCTTCA,Frag2_DNA,Frag2_prot,66,158,E64V,H,F2,a,r2,T0,SC_5FC_12.5estra,E64V_F2
Sample001,WT_N_F1_alpha_r1_T0_SC_5FC_50estra,Sample001_R1.fastq.gz,Sample001_R2.fastq.gz,TAAAAATTTCATAGCTAATG,TACATAATAATGGCACCAGT,Frag1_DNA,Frag1_prot,2,94,WT,N,F1,alpha,r1,T0,SC_5FC_50estra,WT_F1
Sample002,WT_N_F1_alpha_r2_T0_SC_5FC_50estra,Sample002_R1.fastq.gz,Sample002_R2.fastq.gz,TAAAAATTTCATAGCTAATG,TACATAATAATGGCACCAGT,Frag1_DNA,Frag1_prot,2,94,WT,N,F1,alpha,r2,T0,SC_5FC_50estra,WT_F1
Sample005,E64V_N_F1_alpha_r1_T0_SC_5FC_50estra,Sample005_R1.fastq.gz,Sample005_R2.fastq.gz,TAAAAATTTCATAGCTAATG,TACATAATAATGGCACCAGT,Frag1_DNA,Frag1_prot,2,94,E64V,N,F1,alpha,r1,T0,SC_5FC_50estra,E64V_F1
Sample006,E64V_N_F1_alpha_r2_T0_SC_5FC_50estra,Sample006_R1.fastq.gz,Sample006_R2.fastq.gz,TAAAAATTTCATAGCTAATG,TACATAATAATGGCACCAGT,Frag1_DNA,Frag1_prot,2,94,E64V,N,F1,alpha,r2,T0,SC_5FC_50estra,E64V_F1
Sample009,WT_H_F1_a_r1_T0_SC_5FC_50estra,Sample009_R1.fastq.gz,Sample009_R2.fastq.gz,TAAAAATTTCATAGCTAATG,TACATAATAATGGCACCAGT,Frag1_DNA,Frag1_prot,2,94,WT,H,F1,a,r1,T0,SC_5FC_50estra,WT_F1
Sample010,WT_H_F1_a_r2_T0_SC_5FC_50estra,Sample010_R1.fastq.gz,Sample010_R2.fastq.gz,TAAAAATTTCATAGCTAATG,TACATAATAATGGCACCAGT,Frag1_DNA,Frag1_prot,2,94,WT,H,F1,a,r2,T0,SC_5FC_50estra,WT_F1
Sample013,E64V_H_F1_a_r1_T0_SC_5FC_50estra,Sample013_R1.fastq.gz,Sample013_R2.fastq.gz,TAAAAATTTCATAGCTAATG,TACATAATAATGGCACCAGT,Frag1_DNA,Frag1_prot,2,94,E64V,H,F1,a,r1,T0,SC_5FC_50estra,E64V_F1
Sample014,E64V_H_F1_a_r2_T0_SC_5FC_50estra,Sample014_R1.fastq.gz,Sample014_R2.fastq.gz,TAAAAATTTCATAGCTAATG,TACATAATAATGGCACCAGT,Frag1_DNA,Frag1_prot,2,94,E64V,H,F1,a,r2,T0,SC_5FC_50estra,E64V_F1
Sample097,WT_N_F2_alpha_r1_T0_SC_5FC_50estra,Sample097_R1.fastq.gz,Sample097_R2.fastq.gz,CCACTCTACATGGCGAAATC,ACAGCGTGCTGCGTGCTTCA,Frag2_DNA,Frag2_prot,66,158,WT,N,F2,alpha,r1,T0,SC_5FC_50estra,WT_F2
Sample098,WT_N_F2_alpha_r2_T0_SC_5FC_50estra,Sample098_R1.fastq.gz,Sample098_R2.fastq.gz,CCACTCTACATGGCGAAATC,ACAGCGTGCTGCGTGCTTCA,Frag2_DNA,Frag2_prot,66,158,WT,N,F2,alpha,r2,T0,SC_5FC_50estra,WT_F2
Sample101,E64V_N_F2_alpha_r1_T0_SC_5FC_50estra,Sample101_R1.fastq.gz,Sample101_R2.fastq.gz,CCACTCTACATGGCGAAATC,ACAGCGTGCTGCGTGCTTCA,Frag2_DNA,Frag2_prot,66,158,E64V,N,F2,alpha,r1,T0,SC_5FC_50estra,E64V_F2
Sample102,E64V_N_F2_alpha_r2_T0_SC_5FC_50estra,Sample102_R1.fastq.gz,Sample102_R2.fastq.gz,CCACTCTACATGGCGAAATC,ACAGCGTGCTGCGTGCTTCA,Frag2_DNA,Frag2_prot,66,158,E64V,N,F2,alpha,r2,T0,SC_5FC_50estra,E64V_F2
Sample105,WT_H_F2_a_r1_T0_SC_5FC_50estra,Sample105_R1.fastq.gz,Sample105_R2.fastq.gz,CCACTCTACATGGCGAAATC,ACAGCGTGCTGCGTGCTTCA,Frag2_DNA,Frag2_prot,66,158,WT,H,F2,a,r1,T0,SC_5FC_50estra,WT_F2
Sample106,WT_H_F2_a_r2_T0_SC_5FC_50estra,Sample106_R1.fastq.gz,Sample106_R2.fastq.gz,CCACTCTACATGGCGAAATC,ACAGCGTGCTGCGTGCTTCA,Frag2_DNA,Frag2_prot,66,158,WT,H,F2,a,r2,T0,SC_5FC_50estra,WT_F2
Sample109,E64V_H_F2_a_r1_T0_SC_5FC_50estra,Sample109_R1.fastq.gz,Sample109_R2.fastq.gz,CCACTCTACATGGCGAAATC,ACAGCGTGCTGCGTGCTTCA,Frag2_DNA,Frag2_prot,66,158,E64V,H,F2,a,r1,T0,SC_5FC_50estra,E64V_F2
Sample110,E64V_H_F2_a_r2_T0_SC_5FC_50estra,Sample110_R1.fastq.gz,Sample110_R2.fastq.gz,CCACTCTACATGGCGAAATC,ACAGCGTGCTGCGTGCTTCA,Frag2_DNA,Frag2_prot,66,158,E64V,H,F2,a,r2,T0,SC_5FC_50estra,E64V_F2
